state,District,Block,officeName
Kerala,Thiruvananthapuram,Aryancode,KB Amboori
Kerala,Thiruvananthapuram,Aryancode,KB Arayancode
Kerala,Thiruvananthapuram,Aryancode,KB Kallikadu
Kerala,Thiruvananthapuram,Aryancode,KB Kollayil
Kerala,Thiruvananthapuram,Aryancode,KB Kunnathukal
Kerala,Thiruvananthapuram,Aryancode,KB Ottasekharamangalam
Kerala,Thiruvananthapuram,Aryancode,KB Perumkadavila
Kerala,Thiruvananthapuram,Aryancode,KB Perumpazhuthoor
Kerala,Thiruvananthapuram,Aryancode,KB Vellarada
Kerala,Thiruvananthapuram,Aryancode,KB Anchuthengu
Kerala,Thiruvananthapuram,Attingal,KB Anchuthengu
Kerala,Thiruvananthapuram,Attingal,KB Attingal Muncipality
Kerala,Thiruvananthapuram,Attingal,KB Azhoor
Kerala,Thiruvananthapuram,Attingal,KB Chirayinkil
Kerala,Thiruvananthapuram,Attingal,KB Kadakkavoor
Kerala,Thiruvananthapuram,Attingal,KB Kizhuvilam
Kerala,Thiruvananthapuram,Attingal,KB Mudakkal
Kerala,Thiruvananthapuram,Attingal,KB Vakkom
Kerala,Thiruvananthapuram,Kattakada,KB Aryanadu
Kerala,Thiruvananthapuram,Kattakada,KB Kattakada
Kerala,Thiruvananthapuram,Kattakada,KB Kuttichal
Kerala,Thiruvananthapuram,Kattakada,KB Poovachal
Kerala,Thiruvananthapuram,Kattakada,KB Tholicode
Kerala,Thiruvananthapuram,Kattakada,KB Uzhamalakkal
Kerala,Thiruvananthapuram,Kattakada,KB Vellanadu
Kerala,Thiruvananthapuram,Kattakada,KB Vithura
Kerala,Thiruvananthapuram,Kazakuttom,KB Andoorkonam
Kerala,Thiruvananthapuram,Kazakuttom,KB Attipra
Kerala,Thiruvananthapuram,Kazakuttom,KB Kadakampally
Kerala,Thiruvananthapuram,Kazakuttom,KB kadinamkulam
Kerala,Thiruvananthapuram,Kazakuttom,KB Kazhakuttom
Kerala,Thiruvananthapuram,Kazakuttom,KB Mangalapuram
Kerala,Thiruvananthapuram,Kazakuttom,KB Pothencode
Kerala,Thiruvananthapuram,Kazakuttom,KB Sreekaryam
Kerala,Thiruvananthapuram,Kazakuttom,KB Ulloor
Kerala,Thiruvananthapuram,Nedumangad,KB Anad
Kerala,Thiruvananthapuram,Nedumangad,KB Aruvikkara
Kerala,Thiruvananthapuram,Nedumangad,KB Karakulam
Kerala,Thiruvananthapuram,Nedumangad,KB Kudappanakunnu
Kerala,Thiruvananthapuram,Nedumangad,KB Nedumangad Muncipality
Kerala,Thiruvananthapuram,Nedumangad,KB Panavoor
Kerala,Thiruvananthapuram,Nedumangad,KB Vattiyoorkavu
Kerala,Thiruvananthapuram,Nedumangad,KB Vembayam
Kerala,Thiruvananthapuram,Neyyattinkara,KB Athiyanoor
Kerala,Thiruvananthapuram,Neyyattinkara,KB Kanjiramkulam
Kerala,Thiruvananthapuram,Neyyattinkara,KB Karumkulam
Kerala,Thiruvananthapuram,Neyyattinkara,KB Kottukal
Kerala,Thiruvananthapuram,Neyyattinkara,KB Neyyattinkara Municipality
Kerala,Thiruvananthapuram,Neyyattinkara,KB Thiruvallom
Kerala,Thiruvananthapuram,Neyyattinkara,KB Venganoor
Kerala,Thiruvananthapuram,Neyyattinkara,KB Vizhinjam
Kerala,Thiruvananthapuram,Pallichal,KB Balaramapuram
Kerala,Thiruvananthapuram,Pallichal,KB Kalliyoor
Kerala,Thiruvananthapuram,Pallichal,KB Malayinkeezh
Kerala,Thiruvananthapuram,Pallichal,KB Maranalloor
Kerala,Thiruvananthapuram,Pallichal,KB Nemom
Kerala,Thiruvananthapuram,Pallichal,KB Pallichal
Kerala,Thiruvananthapuram,Pallichal,KB Thiruvananthapuram Corporation
Kerala,Thiruvananthapuram,Pallichal,KB Vilappil
Kerala,Thiruvananthapuram,Pallichal,KB Vilavoorkal
Kerala,Thiruvananthapuram,Parassala,KB Chenkal
Kerala,Thiruvananthapuram,Parassala,KB Karode
Kerala,Thiruvananthapuram,Parassala,KB Kulathur
Kerala,Thiruvananthapuram,Parassala,KB Parassala
Kerala,Thiruvananthapuram,Parassala,KB Poovar
Kerala,Thiruvananthapuram,Parassala,KB Thirupuram
Kerala,Thiruvananthapuram,Pulimath,KB Karavaram
Kerala,Thiruvananthapuram,Pulimath,KB Kilimanoor
Kerala,Thiruvananthapuram,Pulimath,KB Madavoor
Kerala,Thiruvananthapuram,Pulimath,KB Nagaroor
Kerala,Thiruvananthapuram,Pulimath,KB Navaikulam
Kerala,Thiruvananthapuram,Pulimath,KB Pallickal
Kerala,Thiruvananthapuram,Pulimath,KB Pazhayakunnummel
Kerala,Thiruvananthapuram,Pulimath,KB Pulimath
Kerala,Thiruvananthapuram,Vamanapuram,KB Kallara
Kerala,Thiruvananthapuram,Vamanapuram,KB Manickal
Kerala,Thiruvananthapuram,Vamanapuram,KB Nanniyode
Kerala,Thiruvananthapuram,Vamanapuram,KB Nellanad
Kerala,Thiruvananthapuram,Vamanapuram,KB Pangode
Kerala,Thiruvananthapuram,Vamanapuram,KB Peringamala
Kerala,Thiruvananthapuram,Vamanapuram,KB Pullampara
Kerala,Thiruvananthapuram,Vamanapuram,KB Vamanapuram
Kerala,Thiruvananthapuram,Varkkala,KB Chemmaruthi
Kerala,Thiruvananthapuram,Varkkala,KB Cherunniyoor
Kerala,Thiruvananthapuram,Varkkala,KB Edava
Kerala,Thiruvananthapuram,Varkkala,KB Elakamon
Kerala,Thiruvananthapuram,Varkkala,KB Manampoor
Kerala,Thiruvananthapuram,Varkkala,KB Ottoor
Kerala,Thiruvananthapuram,Varkkala,KB Varkala Municipality
Kerala,Thiruvananthapuram,Varkkala,KB Vettoor
Kerala,Kollam,Anchal,KB Alayamon
Kerala,Kollam,Anchal,KB Anchal
Kerala,Kollam,Anchal,KB Aryankavu
Kerala,Kollam,Anchal,KB Edamulackal
Kerala,Kollam,Anchal,KB Karavaloor
Kerala,Kollam,Anchal,KB Kulathupuzha
Kerala,Kollam,Anchal,KB Thenmala
Kerala,Kollam,Anchal,KB Yeroor
Kerala,Kollam,Chadayamangalam,KB Chadayamangalam
Kerala,Kollam,Chadayamangalam,KB Chithara
Kerala,Kollam,Chadayamangalam,KB Elamad
Kerala,Kollam,Chadayamangalam,KB Ittiva
Kerala,Kollam,Chadayamangalam,KB Kadakkal
Kerala,Kollam,Chadayamangalam,KB Kummil
Kerala,Kollam,Chadayamangalam,KB Nilamel
Kerala,Kollam,Chadayamangalam,KB Velinalloor
Kerala,Kollam,Chathannoor,KB Adichanalloor
Kerala,Kollam,Chathannoor,KB Chathannoor
Kerala,Kollam,Chathannoor,KB Chirakkara
Kerala,Kollam,Chathannoor,KB Kalluvathukkal
Kerala,Kollam,Chathannoor,KB Nedumpana
Kerala,Kollam,Chathannoor,KB Paravoor
Kerala,Kollam,Chathannoor,KB Poothakulam
Kerala,Kollam,Chavara,KB Chavara
Kerala,Kollam,Chavara,KB Neendakara
Kerala,Kollam,Chavara,KB Panmana
Kerala,Kollam,Chavara,KB Thekkumbhagam
Kerala,Kollam,Chavara,KB Thevalakkara
Kerala,Kollam,Eravipuram,KB Elampalloor
Kerala,Kollam,Eravipuram,KB Eravipuram
Kerala,Kollam,Eravipuram,KB Kilikolloor
Kerala,Kollam,Eravipuram,KB Kollam
Kerala,Kollam,Eravipuram,KB kottamkara
Kerala,Kollam,Eravipuram,KB Mayyanad
Kerala,Kollam,Eravipuram,KB Sakthikulangara
Kerala,Kollam,Eravipuram,KB Thrikkovilvattom
Kerala,Kollam,Eravipuram,KB Vadakkevila
Kerala,Kollam,Kottarakkara,KB Ezhukone
Kerala,Kollam,Kottarakkara,KB Kareepra
Kerala,Kollam,Kottarakkara,KB Kottarakkara
Kerala,Kollam,Kottarakkara,KB Neduvathur
Kerala,Kollam,Kottarakkara,KB Pooyappally
Kerala,Kollam,Kottarakkara,KB Veliyam
Kerala,Kollam,Kundara,KB East Kallada
Kerala,Kollam,Kundara,KB Kundara
Kerala,Kollam,Kundara,KB Munroethuruthu
Kerala,Kollam,Kundara,KB Panayam
Kerala,Kollam,Kundara,KB Perayam
Kerala,Kollam,Kundara,KB Perinad
Kerala,Kollam,Kundara,KB Thrikkadavoor
Kerala,Kollam,Kundara,KB Thrikkaruva
Kerala,Kollam,Oachira,KB Alappad
Kerala,Kollam,Oachira,KB Clappana
Kerala,Kollam,Oachira,KB KulasekharaPuram
Kerala,Kollam,Oachira,KB Karunagappally
Kerala,Kollam,Oachira,KB Oachira
Kerala,Kollam,Oachira,KB Thazhava
Kerala,Kollam,Oachira,KB Thodiyur
Kerala,Kollam,Pathanapuram,KB Pathanapuram
Kerala,Kollam,Pathanapuram,KB Pattazhi North
Kerala,Kollam,Pathanapuram,KB Pattazhi South
Kerala,Kollam,Pathanapuram,KB Piravanthoor
Kerala,Kollam,Pathanapuram,KB Punalur
Kerala,Kollam,Pathanapuram,KB Thalavoor
Kerala,Kollam,Pathanapuram,KB Vilakudy
Kerala,Kollam,Sasthamcotta,KB Kunnathoor
Kerala,Kollam,Sasthamcotta,KB Mynagappally
Kerala,Kollam,Sasthamcotta,KB Poruvazhy
Kerala,Kollam,Sasthamcotta,KB Sasthamcotta
Kerala,Kollam,Sasthamcotta,KB Sooranad North
Kerala,Kollam,Sasthamcotta,KB Sooranad South
Kerala,Kollam,Sasthamcotta,KB West Kallada
Kerala,Kollam,Vettikavala,KB Kulakkada
Kerala,Kollam,Vettikavala,KB Melila
Kerala,Kollam,Vettikavala,KB Mylom
Kerala,Kollam,Vettikavala,KB Pavithreswaram
Kerala,Kollam,Vettikavala,KB Ummannoor
Kerala,Kollam,Vettikavala,KB Vettikkavala
Kerala,Pathanamthitta,Adoor,KB Adoor
Kerala,Pathanamthitta,Adoor,KB Enadimangalam
Kerala,Pathanamthitta,Adoor,KB Erathu
Kerala,Pathanamthitta,Adoor,KB Ezhamkulam
Kerala,Pathanamthitta,Adoor,KB Kadampanadu
Kerala,Pathanamthitta,Adoor,KB Kalanjoor
Kerala,Pathanamthitta,Adoor,KB Kodumon
Kerala,Pathanamthitta,Adoor,KB Pallickal
Kerala,Pathanamthitta,Konni,KB Aruvappulam
Kerala,Pathanamthitta,Konni,KB Konny
Kerala,Pathanamthitta,Konni,KB Malayalappuzha
Kerala,Pathanamthitta,Konni,KB Mylapra
Kerala,Pathanamthitta,Konni,KB Pramadom
Kerala,Pathanamthitta,Konni,KB Thannithode
Kerala,Pathanamthitta,Konni,KB Vallicode
Kerala,Pathanamthitta, Mallappally,KB Anicadu
Kerala,Pathanamthitta, Mallappally,KB Kallooppara
Kerala,Pathanamthitta, Mallappally,KB Kaviyoor
Kerala,Pathanamthitta, Mallappally,KB Kottanad
Kerala,Pathanamthitta, Mallappally,KB Kottangal
Kerala,Pathanamthitta, Mallappally,KB Kunnanthanam
Kerala,Pathanamthitta, Mallappally,KB Mallappally
Kerala,Pathanamthitta,Pandalam,KB Aranmula
Kerala,Pathanamthitta,Pandalam,KB Kulanada
Kerala,Pathanamthitta,Pandalam,KB Mezhuveli
Kerala,Pathanamthitta,Pandalam,KB Thekkekara
Kerala,Pathanamthitta,Pandalam,KB Thonnalloor
Kerala,Pathanamthitta,Pandalam,KB Thumpamon
Kerala,Pathanamthitta, Pathanamthitta,KB Chenneerkkara
Kerala,Pathanamthitta, Pathanamthitta,KB Cherukole
Kerala,Pathanamthitta, Pathanamthitta,KB Elanthoor
Kerala,Pathanamthitta, Pathanamthitta,KB Kozhencherry
Kerala,Pathanamthitta, Pathanamthitta,KB Mallapuzhassery
Kerala,Pathanamthitta, Pathanamthitta,KB Naranganam
Kerala,Pathanamthitta, Pathanamthitta,KB Omalloor
Kerala,Pathanamthitta, Pathanamthitta,KB Pathanamthittta Municipality
Kerala,Pathanamthitta,Pullad,KB Ayroor
Kerala,Pathanamthitta,Pullad,KB Eraviperoor
Kerala,Pathanamthitta,Pullad,KB Ezhumattoor
Kerala,Pathanamthitta,Pullad,KB Koippuram
Kerala,Pathanamthitta,Pullad,KB Puramattom
Kerala,Pathanamthitta,Pullad,KB Thottapuzhassseri
Kerala,Pathanamthitta,Ranni,KB Chittar
Kerala,Pathanamthitta,Ranni,KB Naranammoozhi
Kerala,Pathanamthitta,Ranni,KB Ranni Angadi
Kerala,Pathanamthitta,Ranni,KB Ranni-Pazhavangadi
Kerala,Pathanamthitta,Ranni,KB Ranni Perunad
Kerala,Pathanamthitta,Ranni,KB Ranni Thottamon
Kerala,Pathanamthitta,Ranni,KB Seethathode
Kerala,Pathanamthitta,Ranni,KB Vadasserikkara
Kerala,Pathanamthitta,Ranni,KB Vechoochira
Kerala,Pathanamthitta,Thiruvalla,KB Kadapra
Kerala,Pathanamthitta,Thiruvalla,KB Kuttoor
Kerala,Pathanamthitta,Thiruvalla,KB Nedumpuram
Kerala,Pathanamthitta,Thiruvalla,KB Niranam
Kerala,Pathanamthitta,Thiruvalla,KB Peringara
Kerala,Pathanamthitta,Thiruvalla,KB Thiruvalla Municipality
Kerala,Alappuzha,Alappuzha,KB Alappuzha Municipality
Kerala,Alappuzha,Alappuzha,KB Aryadu
Kerala,Alappuzha,Alappuzha,KB Mannamcherry
Kerala,Alappuzha,Alappuzha,KB Mararikkulam South
Kerala,Alappuzha,Alappuzha,KB Punnapra
Kerala,Alappuzha,Alappuzha,KB Punnapra North
Kerala,Alappuzha,Ambalappuzha,KB Ambalappuzha
Kerala,Alappuzha,Ambalappuzha,KB Ambalapuzha North
Kerala,Alappuzha,Ambalappuzha,KB Karuvatta
Kerala,Alappuzha,Ambalappuzha,KB Purakkad
Kerala,Alappuzha,Ambalappuzha,KB Thakazhhy
Kerala,Alappuzha,Champakulam,KB Champakulam
Kerala,Alappuzha,Champakulam,KB Edathuva
Kerala,Alappuzha,Champakulam,KB Kainakary
Kerala,Alappuzha,Champakulam,KB Nedumudy
Kerala,Alappuzha,Champakulam,KB Thalavady
Kerala,Alappuzha,Charummood,KB Bharanikavu
Kerala,Alappuzha,Charummood,KB Chunakkara
Kerala,Alappuzha,Charummood,KB Nooranad
Kerala,Alappuzha,Charummood,KB Palamel
Kerala,Alappuzha,Charummood,KB Thamarakulam
Kerala,Alappuzha,Charummood,KB Vallikunnam
Kerala,Alappuzha,Chengannur,KB Ala
Kerala,Alappuzha,Chengannur,KB Budhanoor
Kerala,Alappuzha,Chengannur,KB Chengannur Municipality
Kerala,Alappuzha,Chengannur,KB Cheriyanadu
Kerala,Alappuzha,Chengannur,KB Mannar
Kerala,Alappuzha,Chengannur,KB Mulakuzha
Kerala,Alappuzha,Chengannur,KB Pandanadu
Kerala,Alappuzha,Chengannur,KB Puliyoor
Kerala,Alappuzha,Chengannur,KB Thiruvanvandoor
Kerala,Alappuzha,Chengannur,KB Venmony
Kerala,Alappuzha,Cherthala,KB Cherthala Municipality
Kerala,Alappuzha,Cherthala,KB Chethal South
Kerala,Alappuzha,Cherthala,KB Kanjikkuzhy
Kerala,Alappuzha,Cherthala,KB Mararikkulam North
Kerala,Alappuzha,Cherthala,KB Muhamma
Kerala,Alappuzha,Cherthala,KB Thaneermukkam
Kerala,Alappuzha,Cherthala,KB Kadakarappally
Kerala,Alappuzha,Harippad,KB Cheruthana
Kerala,Alappuzha,Harippad,KB Chingoli
Kerala,Alappuzha,Harippad,KB Haripad
Kerala,Alappuzha,Harippad,KB Karthikappally
Kerala,Alappuzha,Harippad,KB Kumarapuram
Kerala,Alappuzha,Harippad,KB Pallippadu
Kerala,Alappuzha,Harippad,KB Thrikkunnapuzha
Kerala,Alappuzha,Harippad,KB Veeyapuram
Kerala,Alappuzha,Kayamkulam,KB Arattupuzha
Kerala,Alappuzha,Kayamkulam,KB Cheppadu
Kerala,Alappuzha,Kayamkulam,KB Devikulangara
Kerala,Alappuzha,Kayamkulam,KB Kandallore
Kerala,Alappuzha,Kayamkulam,KB Kayamkulam Muncipality
Kerala,Alappuzha,Kayamkulam,KB Krishnapuram
Kerala,Alappuzha,Kayamkulam,KB Muthukulam
Kerala,Alappuzha,Kayamkulam,KB Pathiyoor
Kerala,Alappuzha,Kuthiathode,KB Aroor
Kerala,Alappuzha,Kuthiathode,KB Ezhupunna
Kerala,Alappuzha,Kuthiathode,KB Kodamthuruthu
Kerala,Alappuzha,Kuthiathode,KB Kuthiyathode
Kerala,Alappuzha,Kuthiathode,KB Pattanakadu
Kerala,Alappuzha,Kuthiathode,KB Thuravoor
Kerala,Alappuzha,Kuthiathode,KB Vayalar
Kerala,Alappuzha,Mavelikkara,KB Chennithala
Kerala,Alappuzha,Mavelikkara,KB Chettikulangara
Kerala,Alappuzha,Mavelikkara,KB Mavelikkara
Kerala,Alappuzha,Mavelikkara,KB Thazhakkara
Kerala,Alappuzha,Mavelikkara,KB Thekkekara
Kerala,Alappuzha,Panavally,KB Arookutty
Kerala,Alappuzha,Panavally,KB Chennampallippuram
Kerala,Alappuzha,Panavally,KB Panavally
Kerala,Alappuzha,Panavally,KB Perumbalam
Kerala,Alappuzha,Panavally,KB Thycattussery
Kerala,Alappuzha,Ramankary,KB Kavalam
Kerala,Alappuzha,Ramankary,KB Muttar
Kerala,Alappuzha,Ramankary,KB Neelamperoor
Kerala,Alappuzha,Ramankary,KB Pulinkunnu
Kerala,Alappuzha,Ramankary,KB Ramenkery
Kerala,Alappuzha,Ramankary,KB Veliyanadu
Kerala,Kottayam,Erattupetta,KB Erattupetta
Kerala,Kottayam,Erattupetta,KB Melukavu
Kerala,Kottayam,Erattupetta,KB Moonnilavu
Kerala,Kottayam,Erattupetta,KB Poonjar
Kerala,Kottayam,Erattupetta,KB Poonjar South
Kerala,Kottayam,Erattupetta,KB Teekoy
Kerala,Kottayam,Erattupetta,KB Thalappalam
Kerala,Kottayam,Erattupetta,KB Thalanad
Kerala,Kottayam,Erattupetta,KB Thidanad
Kerala,Kottayam,Ettumanoor,KB Arpookkara
Kerala,Kottayam,Ettumanoor,KB Athirampuzha
Kerala,Kottayam,Ettumanoor,KB Aymanam
Kerala,Kottayam,Ettumanoor,KB Ettumanoor
Kerala,Kottayam,Ettumanoor,KB Neendoor
Kerala,Kottayam,Ettumanoor,KB Thiruvarpu
Kerala,Kottayam,Ettumanoor,KB Kumarakom
Kerala,Kottayam,Kaduthuruthy,KB Kaduthuruthy
Kerala,Kottayam,Kaduthuruthy,KB Kallara
Kerala,Kottayam,Kaduthuruthy,KB Mulakkulam
Kerala,Kottayam,Kaduthuruthy,KB Njeezhoor
Kerala,Kottayam,Kaduthuruthy,KB Thalayolaparambu
Kerala,Kottayam,Kaduthuruthy,KB Velloor
Kerala,Kottayam,Kanjirappally,KB Erumely
Kerala,Kottayam,Kanjirappally,KB Kanjirappally
Kerala,Kottayam,Kanjirappally,KB Koottickal
Kerala,Kottayam,Kanjirappally,KB Koruthodu
Kerala,Kottayam,Kanjirappally,KB Manimala
Kerala,Kottayam,Kanjirappally,KB Mundakkayam
Kerala,Kottayam,Kanjirappally,KB Parathod
Kerala,Kottayam,Madappally,KB Madappally
Kerala,Kottayam,Madappally,KB Paippadu
Kerala,Kottayam,Madappally,KB Thrikkodithanam
Kerala,Kottayam,Madappally,KB Vakathanam
Kerala,Kottayam,Madappally,KB Vazhappally
Kerala,Kottayam,Madappally,KB Changanassery Muncipality
Kerala,Kottayam,Pala,KB Bharananganam
Kerala,Kottayam,Pala,KB Kadanad
Kerala,Kottayam,Pala,KB Karoor
Kerala,Kottayam,Pala,KB Kozhuvanal
Kerala,Kottayam,Pala,KB Meenachil
Kerala,Kottayam,Pala,KB Mutholy
Kerala,Kottayam,Pala,KB Pala Muncipality
Kerala,Kottayam,Kottayam,KB Nattakom
Kerala,Kottayam,Kottayam,KB Kurichy
Kerala,Kottayam,Kottayam,KB Ayarkunnam
Kerala,Kottayam,Kottayam,KB Kottayam Muncipality
Kerala,Kottayam,Kottayam,KB Kumaranalloor
Kerala,Kottayam,Kottayam,KB Panachikkad
Kerala,Kottayam,Kottayam,KB Puthuppally
Kerala,Kottayam,Kottayam,KB Vijayapuram
Kerala,Kottayam,Pampady,KB Akalakunnam
Kerala,Kottayam,Pampady,KB Pallickathode
Kerala,Kottayam,Pampady,KB Meenadam
Kerala,Kottayam,Pampady,KB Koroppada
Kerala,Kottayam,Pampady,KB Pampady
Kerala,Kottayam,Pampady,KB Elikkulam
Kerala,Kottayam,Pampady,KB Kidangoor
Kerala,Kottayam,Pampady,KB Manarcadu
Kerala,Kottayam,Uzhavoor,KB Kanakkary
Kerala,Kottayam,Uzhavoor,KB Manjoor
Kerala,Kottayam,Uzhavoor,KB Kadaplamatom
Kerala,Kottayam,Uzhavoor,KB Kuravilangad
Kerala,Kottayam,Uzhavoor,KB Marangattupally
Kerala,Kottayam,Uzhavoor,KB Ramapuram
Kerala,Kottayam,Uzhavoor,KB Uzhavoor
Kerala,Kottayam,Uzhavoor,KB Veliyannor
Kerala,Kottayam,Vaikom,KB Chempu
Kerala,Kottayam,Vaikom,KB Maravanthuruth
Kerala,Kottayam,Vaikom,KB T V Puram
Kerala,Kottayam,Vaikom,KB Thalayazham
Kerala,Kottayam,Vaikom,KB Udayanapuram
Kerala,Kottayam,Vaikom,KB Vaikom Municipality
Kerala,Kottayam,Vaikom,KB Vechoor
Kerala,Kottayam,Vazhoor,KB Chirakkadavu
Kerala,Kottayam,Vazhoor,KB Kangazha
Kerala,Kottayam,Vazhoor,KB Nedumkunnam
Kerala,Kottayam,Vazhoor,KB Vellavoor
Kerala,Kottayam,Vazhoor,KB Vazhoor
Kerala,Kottayam,Vazhoor,KB Karukachal
Kerala,Idukki,Adimaly,KB Adimaly
Kerala,Idukki,Adimaly,KB Bysonvalley
Kerala,Idukki,Adimaly,KB Konnathady
Kerala,Idukki,Adimaly,KB Pallivasal
Kerala,Idukki,Adimaly,KB Vellathooval
Kerala,Idukki,Devikulam,KB Chinnakanal
Kerala,Idukki,Devikulam,KB Devikulam
Kerala,Idukki,Devikulam,KB Kanthalloor
Kerala,Idukki,Devikulam,KB Mankulam
Kerala,Idukki,Devikulam,KB Marayoor
Kerala,Idukki,Devikulam,KB Munnar
Kerala,Idukki,Devikulam,KB Santhanpara
Kerala,Idukki,Devikulam,KB Vattavada
Kerala,Idukki,Devikulam,KB Edamalakkudy
Kerala,Idukki,Elamdesam,KB Alakode
Kerala,Idukki,Elamdesam,KB Karimannoor
Kerala,Idukki,Elamdesam,KB Kodikulam
Kerala,Idukki,Elamdesam,KB Kudayathoor
Kerala,Idukki,Elamdesam,KB Udumbannoor
Kerala,Idukki,Elamdesam,KB Vannappuram
Kerala,Idukki,Elamdesam,KB Velliyamattom
Kerala,Idukki,Idukki,KB Arakulam
Kerala,Idukki,Idukki,KB Kamakshy
Kerala,Idukki,Idukki,KB Kanjikuzhy
Kerala,Idukki,Idukki,KB Mariyapuram
Kerala,Idukki,Idukki,KB Vathikudy
Kerala,Idukki,Idukki,KB Vazhathope
Kerala,Idukki,Kattappana,KB Ayappancoil
Kerala,Idukki,Kattappana,KB Chakkupallom
Kerala,Idukki,Kattappana,KB Erattayar
Kerala,Idukki,Kattappana,KB Kanchiyar
Kerala,Idukki,Kattappana,KB Kattappana
Kerala,Idukki,Kattappana,KB Upputhara
Kerala,Idukki,Kattappana,KB Vandanmedu
Kerala,Idukki,Nedumkandom,KB Karunapuram
Kerala,Idukki,Nedumkandom,KB Nedumkandom
Kerala,Idukki,Nedumkandom,KB Pampadumpara
Kerala,Idukki,Nedumkandom,KB Rajakkad
Kerala,Idukki,Nedumkandom,KB Rajakumari
Kerala,Idukki,Nedumkandom,KB Senapathy
Kerala,Idukki,Nedumkandom,KB Udumbanchola
Kerala,Idukki,Peermedu,KB Elappara
Kerala,Idukki,Peermedu,KB Kokkayar
Kerala,Idukki,Peermedu,KB Kumily
Kerala,Idukki,Peermedu,KB Peermedu
Kerala,Idukki,Peermedu,KB Peruvanthanam
Kerala,Idukki,Peermedu,KB Vandiperiyar
Kerala,Idukki,Thodupuzha,KB Edavetty
Kerala,Idukki,Thodupuzha,KB Karimkunnam
Kerala,Idukki,Thodupuzha,KB Kumaramangalam
Kerala,Idukki,Thodupuzha,KB Manacad
Kerala,Idukki,Thodupuzha,KB Muttom
Kerala,Idukki,Thodupuzha,KB Purapuzha
Kerala,Idukki,Thodupuzha,KB Thodupuzha Muncipality
Kerala,Ernakulam,Aluva,KB Alengad
Kerala,Ernakulam,Aluva,KB Aluva Municipality
Kerala,Ernakulam,Aluva,KB Eloor Municipality
Kerala,Ernakulam,Aluva,KB Kadungalloor
Kerala,Ernakulam,Aluva,KB Karumalloor
Kerala,Ernakulam,Aluva,KB Varappuzha
Kerala,Ernakulam,Angamaly,KB Angamaly Municipality
Kerala,Ernakulam,Angamaly,KB Ayyampuzha
Kerala,Ernakulam,Angamaly,KB Kalady
Kerala,Ernakulam,Angamaly,KB Kanjoor
Kerala,Ernakulam,Angamaly,KB Karukutty
Kerala,Ernakulam,Angamaly,KB Malayattoor  Neeleswaram
Kerala,Ernakulam,Angamaly,KB Manjapra
Kerala,Ernakulam,Angamaly,KB Mookkannoor
Kerala,Ernakulam,Angamaly,KB Thuravoor
Kerala,Ernakulam,Kalamassery,KB Elamkunnapuzha
Kerala,Ernakulam,Kalamassery,KB Cheranelloor
Kerala,Ernakulam,Kalamassery,KB Kadamakudy
Kerala,Ernakulam,Kalamassery,KB Kalamassery Municipality
Kerala,Ernakulam,Kalamassery,KB Thrikkakara Municipality
Kerala,Ernakulam,Kalamassery,KB Mulavukad
Kerala,Ernakulam,Keezhmad,KB Edathala
Kerala,Ernakulam,Keezhmad,KB Keezhmad
Kerala,Ernakulam,Keezhmad,KB Kizhakkambalam
Kerala,Ernakulam,Keezhmad,KB Vazhakkulam
Kerala,Ernakulam,Keezhmad,KB Vengola
Kerala,Ernakulam,Keezhmad,KB Choornikkara
Kerala,Ernakulam,Kothamangalam,KB Kavalangad
Kerala,Ernakulam,Kothamangalam,KB Keerampara
Kerala,Ernakulam,Kothamangalam,KB Kothamangalam Municipality
Kerala,Ernakulam,Kothamangalam,KB Kottappady
Kerala,Ernakulam,Kothamangalam,KB Kuttampuzha
Kerala,Ernakulam,Kothamangalam,KB Nellikuzhy
Kerala,Ernakulam,Kothamangalam,KB Paingottoor
Kerala,Ernakulam,Kothamangalam,KB Pallarimangalam
Kerala,Ernakulam,Kothamangalam,KB Pindimana
Kerala,Ernakulam,Kothamangalam,KB Pothanicad
Kerala,Ernakulam,Kothamangalam,KB Varapetty
Kerala,Ernakulam,Muvattupuzha,KB Arakkuzha
Kerala,Ernakulam,Muvattupuzha,KB Avoly
Kerala,Ernakulam,Muvattupuzha,KB Ayavana
Kerala,Ernakulam,Muvattupuzha,KB Kalloorkad
Kerala,Ernakulam,Muvattupuzha,KB Manjalloor
Kerala,Ernakulam,Muvattupuzha,KB Marady
Kerala,Ernakulam,Muvattupuzha,KB Muvattupuzha
Kerala,Ernakulam,Muvattupuzha,KB Paipra
Kerala,Ernakulam,Muvattupuzha,KB Valakom
Kerala,Ernakulam,Mulanthuruthy,KB Amballoor
Kerala,Ernakulam,Mulanthuruthy,KB Chottanikkara
Kerala,Ernakulam,Mulanthuruthy,KB Edakkattuvayal
Kerala,Ernakulam,Mulanthuruthy,KB Mulathuruthy
Kerala,Ernakulam,Mulanthuruthy,KB Udayamperoor
Kerala,Ernakulam,Mulanthuruthy,KB Maneed
Kerala,Ernakulam,Nedumbassery,KB Chengamanad
Kerala,Ernakulam,Nedumbassery,KB Kunnukara
Kerala,Ernakulam,Nedumbassery,KB Nedumbassery
Kerala,Ernakulam,Nedumbassery,KB Parakkadavu
Kerala,Ernakulam,Nedumbassery,KB Puthenvelikkara
Kerala,Ernakulam,Nedumbassery,KB Sreemoolanagaram
Kerala,Ernakulam,Narakkal,KB Edavanakkad
Kerala,Ernakulam,Narakkal,KB Kuzhippilly
Kerala,Ernakulam,Narakkal,KB Nayarambalam
Kerala,Ernakulam,Narakkal,KB Njarakkal
Kerala,Ernakulam,Narakkal,KB Pallippuram
Kerala,Ernakulam,Paravoor,KB Chendamangalam
Kerala,Ernakulam,Paravoor,KB Chittattukara
Kerala,Ernakulam,Paravoor,KB Ezhikkara
Kerala,Ernakulam,Paravoor,KB Kottuvally
Kerala,Ernakulam,Paravoor,KB Paravur Municipality
Kerala,Ernakulam,Paravoor,KB Vadakkekkara
Kerala,Ernakulam,Perumbavoor,KB Asamannoor
Kerala,Ernakulam,Perumbavoor,KB Koovappady
Kerala,Ernakulam,Perumbavoor,KB Mudakkuzha
Kerala,Ernakulam,Perumbavoor,KB Okkal
Kerala,Ernakulam,Perumbavoor,KB Perumbavoor Municipality
Kerala,Ernakulam,Perumbavoor,KB Rayamangalam
Kerala,Ernakulam,Perumbavoor,KB Vengoor
Kerala,Ernakulam,Piravom,KB Elanji
Kerala,Ernakulam,Piravom,KB Koothattukulam
Kerala,Ernakulam,Piravom,KB Palakkuzha
Kerala,Ernakulam,Piravom,KB Pampakuda
Kerala,Ernakulam,Piravom,KB Piravom
Kerala,Ernakulam,Piravom,KB Ramamangalam
Kerala,Ernakulam,Piravom,KB Thirumarady
Kerala,Ernakulam,Poothrika,KB Aikarnad
Kerala,Ernakulam,Poothrika,KB Kunnathunad
Kerala,Ernakulam,Poothrika,KB Mazhuvannur
Kerala,Ernakulam,Poothrika,KB Poothrikka
Kerala,Ernakulam,Poothrika,KB Thiruvaniyoor
Kerala,Ernakulam,Poothrika,KB Vadavucode Puthencruz
Kerala,Ernakulam,Palluruthy,KB Chellanam
Kerala,Ernakulam,Palluruthy,KB Kochi Corporation
Kerala,Ernakulam,Palluruthy,KB Kumbalam Panangad
Kerala,Ernakulam,Palluruthy,KB Kumbalanghi
Kerala,Ernakulam,Palluruthy,KB Maradu Municipality
Kerala,Ernakulam,Palluruthy,KB Thiruvankulam
Kerala,Ernakulam,Palluruthy,KB Thrippunithura Muncipality
Kerala,Thrissur,Anthikkad,KB Anthikkad
Kerala,Thrissur,Anthikkad,KB Arimpur
Kerala,Thrissur,Anthikkad,KB Chazhur
Kerala,Thrissur,Anthikkad,KB Manaloor
Kerala,Thrissur,Anthikkad,KB Thanniyam
Kerala,Thrissur,Chalakudy,KB Chalakudy Muncipality
Kerala,Thrissur,Chalakudy,KB Kadukutty
Kerala,Thrissur,Chalakudy,KB Kodassery
Kerala,Thrissur,Chalakudy,KB Koratty
Kerala,Thrissur,Chalakudy,KB Meloor
Kerala,Thrissur,Chalakudy,KB Pariyaram
Kerala,Thrissur,Chalakudy,KB Vettilappara
Kerala,Thrissur,Chavakkad,KB Chavakkad
Kerala,Thrissur,Chavakkad,KB Guruvayoor
Kerala,Thrissur,Chavakkad,KB Kadappuram
Kerala,Thrissur,Chavakkad,KB Orumayur
Kerala,Thrissur,Chavakkad,KB Pookode
Kerala,Thrissur,Chavakkad,KB Punnayur
Kerala,Thrissur,Chavakkad,KB Punnayurkulam
Kerala,Thrissur,Chavakkad,KB Thaikkad
Kerala,Thrissur,Chavakkad,KB Vadakkekad
Kerala,Thrissur,Cherpu,KB Avinissery
Kerala,Thrissur,Cherpu,KB Cherpu
Kerala,Thrissur,Cherpu,KB Koorkanchery
Kerala,Thrissur,Cherpu,KB Ollur
Kerala,Thrissur,Cherpu,KB Paralam
Kerala,Thrissur,Cherpu,KB Vallachira
Kerala,Thrissur,Chowannur,KB Arthat
Kerala,Thrissur,Chowannur,KB Choondal
Kerala,Thrissur,Chowannur,KB Chowannur
Kerala,Thrissur,Chowannur,KB Kadangode
Kerala,Thrissur,Chowannur,KB Kadavallur
Kerala,Thrissur,Chowannur,KB Kandanissery
Kerala,Thrissur,Chowannur,KB Kattakampal
Kerala,Thrissur,Chowannur,KB Kunnamkulam
Kerala,Thrissur,Chowannur,KB Porkulam
Kerala,Thrissur,Chowannur,KB Velur
Kerala,Thrissur,Irinjalakkuda,KB Irinjalakkuda Munciplity
Kerala,Thrissur,Irinjalakkuda,KB Karalam
Kerala,Thrissur,Irinjalakkuda,KB Kattur
Kerala,Thrissur,Irinjalakkuda,KB Muriyad
Kerala,Thrissur,Irinjalakkuda,KB Parappukkara
Kerala,Thrissur,Irinjalakkuda,KB Porathissery
Kerala,Thrissur,Kodakara,KB Alagappanagar
Kerala,Thrissur,Kodakara,KB Kodakara
Kerala,Thrissur,Kodakara,KB Mattathur
Kerala,Thrissur,Kodakara,KB Nenmanikkara
Kerala,Thrissur,Kodakara,KB Pudukkad
Kerala,Thrissur,Kodakara,KB Thrikkur
Kerala,Thrissur,Kodakara,KB Varandarappilly
Kerala,Thrissur,Mala,KB Aloor
Kerala,Thrissur,Mala,KB Annamanada
Kerala,Thrissur,Mala,KB Kodungallur Municipality
Kerala,Thrissur,Mala,KB Kuzhur
Kerala,Thrissur,Mala,KB Mala
Kerala,Thrissur,Mala,KB Methala
Kerala,Thrissur,Mala,KB Poyya
Kerala,Thrissur,Mathilakam,KB Edathiruthy
Kerala,Thrissur,Mathilakam,KB Edavilangu
Kerala,Thrissur,Mathilakam,KB Eriyad
Kerala,Thrissur,Mathilakam,KB Kaipamangalam
Kerala,Thrissur,Mathilakam,KB Mathilakam
Kerala,Thrissur,Mathilakam,KB Perinjanam
Kerala,Thrissur,Mathilakam,KB SN Puram
Kerala,Thrissur,Mullassery,KB Ealavally
Kerala,Thrissur,Mullassery,KB Mullassery
Kerala,Thrissur,Mullassery,KB Pavaratty
Kerala,Thrissur,Mullassery,KB Venkitangu
Kerala,Thrissur,Ollukkara,KB Madakkathara
Kerala,Thrissur,Ollukkara,KB Nadathara
Kerala,Thrissur,Ollukkara,KB Ollukkara
Kerala,Thrissur,Ollukkara,KB Pananchery
Kerala,Thrissur,Ollukkara,KB Puthur
Kerala,Thrissur,Ollukkara,KB Thrissur Municipality
Kerala,Thrissur,Ollukkara,KB Vilvattom
Kerala,Thrissur,Pazhayannur,KB Chelakkara
Kerala,Thrissur,Pazhayannur,KB Kondazhy
Kerala,Thrissur,Pazhayannur,KB Panjal
Kerala,Thrissur,Pazhayannur,KB Pazhayannur
Kerala,Thrissur,Pazhayannur,KB Thiruvilwamala
Kerala,Thrissur,Pazhayannur,KB Vallathole Nagar
Kerala,Thrissur,Puzhakkal,KB Adat
Kerala,Thrissur,Puzhakkal,KB Avanur
Kerala,Thrissur,Puzhakkal,KB Ayyanthole
Kerala,Thrissur,Puzhakkal,KB Kaiparambu
Kerala,Thrissur,Puzhakkal,KB Mulankunnathkavu
Kerala,Thrissur,Puzhakkal,KB Kolazhi
Kerala,Thrissur,Puzhakkal,KB Tholur
Kerala,Thrissur,Thalikulam,KB Engandiyur
Kerala,Thrissur,Thalikulam,KB Nattika
Kerala,Thrissur,Thalikulam,KB Thalikulam
Kerala,Thrissur,Thalikulam,KB Valapad
Kerala,Thrissur,Thalikulam,KB Vatanappilly
Kerala,Thrissur,Vellangallur,KB Padiyur
Kerala,Thrissur,Vellangallur,KB Poomangalam
Kerala,Thrissur,Vellangallur,KB Puthenchira
Kerala,Thrissur,Vellangallur,KB Vellangallur
Kerala,Thrissur,Vellangallur,KB Velookkara
Kerala,Thrissur,Wadakkanchery,KB Desamangalam
Kerala,Thrissur,Wadakkanchery,KB Erumapetty
Kerala,Thrissur,Wadakkanchery,KB Mullokkara
Kerala,Thrissur,Wadakkanchery,KB Mundathicode
Kerala,Thrissur,Wadakkanchery,KB Thekkumkara
Kerala,Thrissur,Wadakkanchery,KB Varavoor
Kerala,Thrissur,Wadakkanchery,KB Wadakkanchery
Kerala,Palakkad,Agali,KB Agali
Kerala,Palakkad,Agali,KB Pudur
Kerala,Palakkad,Agali,KB Sholayur
Kerala,Palakkad,Alathur,KB Alathur
Kerala,Palakkad,Alathur,KB Erimayur
Kerala,Palakkad,Alathur,KB Kannambra
Kerala,Palakkad,Alathur,KB Kavassery
Kerala,Palakkad,Alathur,KB Kizhakkanchery
Kerala,Palakkad,Alathur,KB Pudukode
Kerala,Palakkad,Alathur,KB Tarur
Kerala,Palakkad,Alathur,KB Vadakkanchery
Kerala,Palakkad,Chittur,KB Chittur Thathamangalam
Kerala,Palakkad,Chittur,KB Eruthiampathy
Kerala,Palakkad,Chittur,KB Kozhinjampara
Kerala,Palakkad,Chittur,KB Nallepilly
Kerala,Palakkad,Chittur,KB Perumatti
Kerala,Palakkad,Chittur,KB Vadakarapathy
Kerala,Palakkad,Chittur,KB Elapully
Kerala,Palakkad,Chittur,KB Polpully
Kerala,Palakkad,Kollengode,KB Koduvayur
Kerala,Palakkad,Kollengode,KB Kollengode
Kerala,Palakkad,Kollengode,KB Muthalamada
Kerala,Palakkad,Kollengode,KB Pattanchery
Kerala,Palakkad,Kollengode,KB Peruvemba
Kerala,Palakkad,Kollengode,KB Pudunagaram
Kerala,Palakkad,Kollengode,KB Vadavannur
Kerala,Palakkad,Kuzhalmannam,KB Kannadi
Kerala,Palakkad,Kuzhalmannam,KB Kottayi
Kerala,Palakkad,Kuzhalmannam,KB Kuthannur
Kerala,Palakkad,Kuzhalmannam,KB Kuzhalmannam
Kerala,Palakkad,Kuzhalmannam,KB Mathur
Kerala,Palakkad,Kuzhalmannam,KB Peringotukurissi
Kerala,Palakkad,Kuzhalmannam,KB Thenkurissi
Kerala,Palakkad,Malampuzha,KB Kodumbu
Kerala,Palakkad,Malampuzha,KB Malampuzha
Kerala,Palakkad,Malampuzha,KB Marutharode
Kerala,Palakkad,Malampuzha,KB Akathethara
Kerala,Palakkad,Malampuzha,KB Puduppariyaram
Kerala,Palakkad,Malampuzha,KB Pudussery
Kerala,Palakkad,Mannarkkad,KB Alanellur
Kerala,Palakkad,Mannarkkad,KB Karimba
Kerala,Palakkad,Mannarkkad,KB Kottoppadam
Kerala,Palakkad,Mannarkkad,KB Kumaramputhur
Kerala,Palakkad,Mannarkkad,KB Mannarkad
Kerala,Palakkad,Mannarkkad,KB Pottassery
Kerala,Palakkad,Mannarkkad,KB Tachampara
Kerala,Palakkad,Mannarkkad,KB Thachanattukara
Kerala,Palakkad,Mannarkkad,KB Thenkara
Kerala,Palakkad,Nenmara,KB Ayilur
Kerala,Palakkad,Nenmara,KB Elavanchery
Kerala,Palakkad,Nenmara,KB Melarcode
Kerala,Palakkad,Nenmara,KB Nenmara
Kerala,Palakkad,Nenmara,KB Pallasana
Kerala,Palakkad,Nenmara,KB Vandazhi
Kerala,Palakkad,Palakkad,KB Keralassery
Kerala,Palakkad,Palakkad,KB Kongad
Kerala,Palakkad,Palakkad,KB Mankara
Kerala,Palakkad,Palakkad,KB Mannur
Kerala,Palakkad,Palakkad,KB Mundur
Kerala,Palakkad,Palakkad,KB Palakkad Municipality
Kerala,Palakkad,Palakkad,KB Parali
Kerala,Palakkad,Palakkad,KB Pirayiri
Kerala,Palakkad,Pattambi,KB Koppam
Kerala,Palakkad,Pattambi,KB Kulukkallur
Kerala,Palakkad,Pattambi,KB Muthuthala
Kerala,Palakkad,Pattambi,KB Ongallur
Kerala,Palakkad,Pattambi,KB Paradur
Kerala,Palakkad,Pattambi,KB Pattambi
Kerala,Palakkad,Pattambi,KB Thiruvegappura
Kerala,Palakkad,Pattambi,KB Vilayur
Kerala,Palakkad,Shornur,KB Ambalappara
Kerala,Palakkad,Shornur,KB Ananganadi
Kerala,Palakkad,Shornur,KB Chalavara
Kerala,Palakkad,Shornur,KB Lakkidi Peroor
Kerala,Palakkad,Shornur,KB Nellaya
Kerala,Palakkad,Shornur,KB Ottappalam
Kerala,Palakkad,Shornur,KB Shornur Municipality
Kerala,Palakkad,Shornur,KB Thrikkaderi
Kerala,Palakkad,Shornur,KB Vallappuzha
Kerala,Palakkad,Shornur,KB Vaniyamkulam
Kerala,Palakkad,Sreekrishnapuram,KB Cherpulassery
Kerala,Palakkad,Sreekrishnapuram,KB Kadampazhippuram
Kerala,Palakkad,Sreekrishnapuram,KB Karakkurissi
Kerala,Palakkad,Sreekrishnapuram,KB Karimpuzha
Kerala,Palakkad,Sreekrishnapuram,KB Pookkottukavu
Kerala,Palakkad,Sreekrishnapuram,KB Sreekrishnapuram
Kerala,Palakkad,Sreekrishnapuram,KB Vellinezhi
Kerala,Palakkad,Thrithala,KB Anakkara
Kerala,Palakkad,Thrithala,KB Chalissery
Kerala,Palakkad,Thrithala,KB Kappur
Kerala,Palakkad,Thrithala,KB Nagalassery
Kerala,Palakkad,Thrithala,KB Pattithara
Kerala,Palakkad,Thrithala,KB Thirumittakkode
Kerala,Palakkad,Thrithala,KB Thrithala
Kerala,Malappuram,Angadippuram,KB Kottilangadi
Kerala,Malappuram,Angadippuram,KB Kuruva
Kerala,Malappuram,Angadippuram,KB Makkaraparamba
Kerala,Malappuram,Angadippuram,KB Mankada
Kerala,Malappuram,Angadippuram,KB Moorkanadu
Kerala,Malappuram,Angadippuram,KB Puzhakkattiri
Kerala,Malappuram,Kalikavu,KB Amarambalam
Kerala,Malappuram,Kalikavu,KB Chokkad
Kerala,Malappuram,Kalikavu,KB Edapatta
Kerala,Malappuram,Kalikavu,KB Kalikkavu
Kerala,Malappuram,Kalikavu,KB Karulai
Kerala,Malappuram,Kalikavu,KB Karuvarakundu
Kerala,Malappuram,Kalikavu,KB Thuvur
Kerala,Malappuram,Kondotty,KB Chelembra
Kerala,Malappuram,Kondotty,KB Cherukavu
Kerala,Malappuram,Kondotty,KB Kondotty
Kerala,Malappuram,Kondotty,KB Muthuvallur
Kerala,Malappuram,Kondotty,KB Nediyirippu
Kerala,Malappuram,Kondotty,KB Pallikkal
Kerala,Malappuram,Kondotty,KB Pulikkal
Kerala,Malappuram,Kondotty,KB Vazhakkad
Kerala,Malappuram,Kondotty,KB Vazhayur
Kerala,Malappuram,Malappuram,KB Anakkayam
Kerala,Malappuram,Malappuram,KB Kodur
Kerala,Malappuram,Malappuram,KB Kottakkal
Kerala,Malappuram,Malappuram,KB Malappuram Muncipality
Kerala,Malappuram,Malappuram,KB Morayur
Kerala,Malappuram,Malappuram,KB Othukkungal
Kerala,Malappuram,Malappuram,KB Ponmala
Kerala,Malappuram,Malappuram,KB Pookottur
Kerala,Malappuram,Manjeri,KB Areacode
Kerala,Malappuram,Manjeri,KB Cheekode
Kerala,Malappuram,Manjeri,KB Edavanna
Kerala,Malappuram,Manjeri,KB Kavanur
Kerala,Malappuram,Manjeri,KB Keezhuparamba
Kerala,Malappuram,Manjeri,KB Kuzhimanna
Kerala,Malappuram,Manjeri,KB Manjeri Muncipality
Kerala,Malappuram,Manjeri,KB Oorangattiri
Kerala,Malappuram,Manjeri,KB Pulpatta
Kerala,Malappuram,Nilambur,KB Chaliyar
Kerala,Malappuram,Nilambur,KB Chungathara
Kerala,Malappuram,Nilambur,KB Edakkara
Kerala,Malappuram,Nilambur,KB Moothedam
Kerala,Malappuram,Nilambur,KB Nilambur Municipality
Kerala,Malappuram,Nilambur,KB Pothukal
Kerala,Malappuram,Nilambur,KB Vazhikkadavu
Kerala,Malappuram,Parappanangadi,KB Moonniyoor
Kerala,Malappuram,Parappanangadi,KB Nannambra
Kerala,Malappuram,Parappanangadi,KB Parappanagadi
Kerala,Malappuram,Parappanangadi,KB Peruvallur
Kerala,Malappuram,Parappanangadi,KB Thenhipalam
Kerala,Malappuram,Parappanangadi,KB Thirurangadi
Kerala,Malappuram,Parappanangadi,KB Vallikunnu
Kerala,Malappuram,Perinthalmanna,KB Aliparamba
Kerala,Malappuram,Perinthalmanna,KB Angadippuram
Kerala,Malappuram,Perinthalmanna,KB Elamkulam
Kerala,Malappuram,Perinthalmanna,KB Keezhattoor
Kerala,Malappuram,Perinthalmanna,KB Melatur
Kerala,Malappuram,Perinthalmanna,KB Perinthalmanna
Kerala,Malappuram,Perinthalmanna,KB Pulamanthole
Kerala,Malappuram,Perinthalmanna,KB Thazhekode
Kerala,Malappuram,Perinthalmanna,KB Vettathur
Kerala,Malappuram,Perumpadappa,KB Alamcode
Kerala,Malappuram,Perumpadappa,KB Maranchery
Kerala,Malappuram,Perumpadappa,KB Nannamukku
Kerala,Malappuram,Perumpadappa,KB Perumpadappa
Kerala,Malappuram,Perumpadappa,KB Veliyamcode
Kerala,Malappuram,Ponmundam,KB Cheriyamundam
Kerala,Malappuram,Ponmundam,KB Niramaruthur
Kerala,Malappuram,Ponmundam,KB Ozhur
Kerala,Malappuram,Ponmundam,KB Perumanna Klari
Kerala,Malappuram,Ponmundam,KB Ponmundam
Kerala,Malappuram,Ponmundam,KB Thanalur
Kerala,Malappuram,Ponmundam,KB Thanur
Kerala,Malappuram,Ponmundam,KB Valavannur
Kerala,Malappuram,Thavanur,KB Edappal
Kerala,Malappuram,Thavanur,KB Ezhuvathiruthy
Kerala,Malappuram,Thavanur,KB Kalady
Kerala,Malappuram,Thavanur,KB Ponnani Municipality
Kerala,Malappuram,Thavanur,KB Thavanur
Kerala,Malappuram,Thavanur,KB Vattamkulam
Kerala,Malappuram,Tirur,KB Mangalam
Kerala,Malappuram,Tirur,KB Purathur
Kerala,Malappuram,Tirur,KB Thalakkad
Kerala,Malappuram,Tirur,KB Thirunavaya
Kerala,Malappuram,Tirur,KB Tirur Muncipality
Kerala,Malappuram,Tirur,KB Tripangode
Kerala,Malappuram,Tirur,KB Vettom
Kerala,Malappuram,Valanchery,KB Athavanadu
Kerala,Malappuram,Valanchery,KB Edayur
Kerala,Malappuram,Valanchery,KB Irimbiliyam
Kerala,Malappuram,Valanchery,KB Kalpakancherry
Kerala,Malappuram,Valanchery,KB Kuttippuram
Kerala,Malappuram,Valanchery,KB Marakkara
Kerala,Malappuram,Valanchery,KB Valanchery
Kerala,Malappuram,Vengara,KB A R Nagar
Kerala,Malappuram,Vengara,KB Edarikode
Kerala,Malappuram,Vengara,KB Kannamangalam
Kerala,Malappuram,Vengara,KB Oorakam
Kerala,Malappuram,Vengara,KB Parappur
Kerala,Malappuram,Vengara,KB Thennala
Kerala,Malappuram,Vengara,KB Vengara
Kerala,Malappuram,Wandoor,KB Mampad
Kerala,Malappuram,Wandoor,KB Pandikkad
Kerala,Malappuram,Wandoor,KB Porur
Kerala,Malappuram,Wandoor,KB Thiruvali
Kerala,Malappuram,Wandoor,KB Trikkalangode
Kerala,Malappuram,Wandoor,KB Wandoor
Kerala,Kozhikode,Kakkur,KB Chelannur
Kerala,Kozhikode,Kakkur,KB Kakkodi
Kerala,Kozhikode,Kakkur,KB Kakkur
Kerala,Kozhikode,Kakkur,KB Nanminda
Kerala,Kozhikode,Kakkur,KB Narikkuni
Kerala,Kozhikode,Kakkur,KB Thalakulathur
Kerala,Kozhikode,Koduvally,KB Kattippara
Kerala,Kozhikode,Koduvally,KB Kizhakkoth
Kerala,Kozhikode,Koduvally,KB Kodenchery
Kerala,Kozhikode,Koduvally,KB Koduvally
Kerala,Kozhikode,Koduvally,KB Koodaranhi
Kerala,Kozhikode,Koduvally,KB Madavoor
Kerala,Kozhikode,Koduvally,KB Omassery
Kerala,Kozhikode,Koduvally,KB Puduppady
Kerala,Kozhikode,Koduvally,KB Thamarassery
Kerala,Kozhikode,Koduvally,KB Thiruvambadi
Kerala,Kozhikode,Koyilandy,KB Arikkulam
Kerala,Kozhikode,Koyilandy,KB Changottukavu
Kerala,Kozhikode,Koyilandy,KB Chemanchery
Kerala,Kozhikode,Koyilandy,KB Koyilandy
Kerala,Kozhikode,Koyilandy,KB Mooddadi
Kerala,Kozhikode,Kozhikkode,KB Beypore
Kerala,Kozhikode,Kozhikkode,KB Calicut Corporation
Kerala,Kozhikode,Kozhikkode,KB Cheruvannur Nallalam
Kerala,Kozhikode,Kozhikkode,KB Elathur
Kerala,Kozhikode,Kozhikkode,KB Feroke
Kerala,Kozhikode,Kozhikkode,KB Kadalundi
Kerala,Kozhikode,Kozhikkode,KB Olavanna
Kerala,Kozhikode,Kozhikkode,KB Ramanattukara
Kerala,Kozhikode,Kunnummal,KB Kavilumpara
Kerala,Kozhikode,Kunnummal,KB Kayakkodi
Kerala,Kozhikode,Kunnummal,KB Kunnummel
Kerala,Kozhikode,Kunnummal,KB Kuttiadi
Kerala,Kozhikode,Kunnummal,KB Maruthonkara
Kerala,Kozhikode,Kunnummal,KB Narippatta
Kerala,Kozhikode,Kunnummal,KB Velom
Kerala,Kozhikode,Kunnamangalam,KB Chathamangalam
Kerala,Kozhikode,Kunnamangalam,KB Karassery
Kerala,Kozhikode,Kunnamangalam,KB Kodiyathur
Kerala,Kozhikode,Kunnamangalam,KB Kunnamangalam
Kerala,Kozhikode,Kunnamangalam,KB Kuruvattoor
Kerala,Kozhikode,Kunnamangalam,KB Mavoor
Kerala,Kozhikode,Kunnamangalam,KB Mukkom
Kerala,Kozhikode,Kunnamangalam,KB Perumanna
Kerala,Kozhikode,Kunnamangalam,KB Peruvayal
Kerala,Kozhikode,Perambra,KB Chakkittapara
Kerala,Kozhikode,Perambra,KB Changaroth
Kerala,Kozhikode,Perambra,KB Cheruvannur
Kerala,Kozhikode,Perambra,KB Kayanna
Kerala,Kozhikode,Perambra,KB Koothali
Kerala,Kozhikode,Perambra,KB Nochad
Kerala,Kozhikode,Perambra,KB Perambra
Kerala,Kozhikode,Thikkody,KB Keezhariyur
Kerala,Kozhikode,Thikkody,KB Meppayur
Kerala,Kozhikode,Thikkody,KB Payyoli
Kerala,Kozhikode,Thikkody,KB Thikkody
Kerala,Kozhikode,Thikkody,KB Thurayur
Kerala,Kozhikode,Thodannur,KB Ayanchery
Kerala,Kozhikode,Thodannur,KB Maniyur
Kerala,Kozhikode,Thodannur,KB Thiruvallur
Kerala,Kozhikode,Thodannur,KB Villiappalli
Kerala,Kozhikode,Tuneri,KB Chekkiad
Kerala,Kozhikode,Tuneri,KB Edachery
Kerala,Kozhikode,Tuneri,KB Nadapuram
Kerala,Kozhikode,Tuneri,KB Purameri
Kerala,Kozhikode,Tuneri,KB Tuneri
Kerala,Kozhikode,Tuneri,KB Valayam
Kerala,Kozhikode,Tuneri,KB Vanimal
Kerala,Kozhikode,Balussery,KB Atholi
Kerala,Kozhikode,Balussery,KB Balusseri
Kerala,Kozhikode,Balussery,KB Koorachundu
Kerala,Kozhikode,Balussery,KB Kottoor
Kerala,Kozhikode,Balussery,KB Naduvannur
Kerala,Kozhikode,Balussery,KB Panangad
Kerala,Kozhikode,Balussery,KB Ulliyeri
Kerala,Kozhikode,Balussery,KB Unnikulam
Kerala,Kozhikode,Vatakara,KB Azhiyur
Kerala,Kozhikode,Vatakara,KB Chorode
Kerala,Kozhikode,Vatakara,KB Eramala
Kerala,Kozhikode,Vatakara,KB Onchiyam
Kerala,Kozhikode,Vatakara,KB Vadakara Muncipality
Kerala,Wayanad,Kalpetta,KB Kalpetta
Kerala,Wayanad,Kalpetta,KB Kottathara
Kerala,Wayanad,Kalpetta,KB Meppadi
Kerala,Wayanad,Kalpetta,KB Moopainad
Kerala,Wayanad,Kalpetta,KB Muttil
Kerala,Wayanad,Kalpetta,KB Padinharathara
Kerala,Wayanad,Kalpetta,KB Pozhutthana
Kerala,Wayanad,Kalpetta,KB Thariode
Kerala,Wayanad,Kalpetta,KB Vengappally
Kerala,Wayanad,Kalpetta,KB Vythiri
Kerala,Wayanad,Mananthavady,KB Edavaka
Kerala,Wayanad,Mananthavady,KB Mananthavady
Kerala,Wayanad,Mananthavady,KB Thavinhal
Kerala,Wayanad,Mananthavady,KB Thirunelly
Kerala,Wayanad,Mananthavady,KB Thondernad
Kerala,Wayanad,Mananthavady,KB Vellamunda
Kerala,Wayanad,Panamaram,KB Kaniyambetta
Kerala,Wayanad,Panamaram,KB Mullankolly
Kerala,Wayanad,Panamaram,KB Panamaram
Kerala,Wayanad,Panamaram,KB Poothadi
Kerala,Wayanad,Panamaram,KB Pulpally
Kerala,Wayanad,Sulthan Bathery,KB Ambalavayal
Kerala,Wayanad,Sulthan Bathery,KB Meenangadi
Kerala,Wayanad,Sulthan Bathery,KB Nenmeni
Kerala,Wayanad,Sulthan Bathery,KB Noolpuzha
Kerala,Wayanad,Sulthan Bathery,KB Sulthan Bathery
Kerala,Kannur,Edakkad,KB Chembilode
Kerala,Kannur,Edakkad,KB Chelora
Kerala,Kannur,Edakkad,KB Edakkad
Kerala,Kannur,Edakkad,KB Elayavoor
Kerala,Kannur,Edakkad,KB Kadambur
Kerala,Kannur,Edakkad,KB Kolachery
Kerala,Kannur,Edakkad,KB Munderi
Kerala,Kannur,Edakkad,KB Peralasseri
Kerala,Kannur,Irikkur,KB Eruvassy
Kerala,Kannur,Irikkur,KB Irikkur
Kerala,Kannur,Irikkur,KB Kuttiatoor
Kerala,Kannur,Irikkur,KB Malapattam
Kerala,Kannur,Irikkur,KB Mayyil
Kerala,Kannur,Irikkur,KB Padiyur
Kerala,Kannur,Irikkur,KB Payyavoor
Kerala,Kannur,Irikkur,KB Sreekantapuram
Kerala,Kannur,Irikkur,KB Ulikkal
Kerala,Kannur,Iritty,KB Aralam
Kerala,Kannur,Iritty,KB Ayyankunnu
Kerala,Kannur,Iritty,KB Keezhallur
Kerala,Kannur,Iritty,KB Keezhur Chavasseri
Kerala,Kannur,Iritty,KB Koodali
Kerala,Kannur,Iritty,KB Mattanur
Kerala,Kannur,Iritty,KB Payam
Kerala,Kannur,Iritty,KB Thillankeri
Kerala,Kannur,Kalliassery,KB Cherukunnu
Kerala,Kannur,Kalliassery,KB Cheruthazham
Kerala,Kannur,Kalliassery,KB Ezhome
Kerala,Kannur,Kalliassery,KB Kalliasseri
Kerala,Kannur,Kalliassery,KB Kannapuram
Kerala,Kannur,Kalliassery,KB Madayi
Kerala,Kannur,Kalliassery,KB Matool
Kerala,Kannur,Kalliassery,KB Narath
Kerala,Kannur,Kannur,KB Azhikode
Kerala,Kannur,Kannur,KB Chirakkal
Kerala,Kannur,Kannur,KB Kannur
Kerala,Kannur,Kannur,KB Pallikunnu
Kerala,Kannur,Kannur,KB Pappinisseri
Kerala,Kannur,Kannur,KB Puzhathi
Kerala,Kannur,Kannur,KB Valapattanam
Kerala,Kannur,Kuthuparamba,KB Chittariparamb
Kerala,Kannur,Kuthuparamba,KB Kottayam Malabar
Kerala,Kannur,Kuthuparamba,KB Kunnothparamb
Kerala,Kannur,Kuthuparamba,KB Kuthuparamb
Kerala,Kannur,Kuthuparamba,KB Mangattidam
Kerala,Kannur,Kuthuparamba,KB Pattiam
Kerala,Kannur,Kuthuparamba,KB Trippangottur
Kerala,Kannur,Panoor,KB Chokli
Kerala,Kannur,Panoor,KB Kadirur
Kerala,Kannur,Panoor,KB Kariyad
Kerala,Kannur,Panoor,KB Mokeri
Kerala,Kannur,Panoor,KB Panniyannur
Kerala,Kannur,Panoor,KB Panoor
Kerala,Kannur,Panoor,KB Peringalam
Kerala,Kannur,Payyannur,KB Cherupuzha
Kerala,Kannur,Payyannur,KB Eramam Kutoor
Kerala,Kannur,Payyannur,KB Kankole
Kerala,Kannur,Payyannur,KB Karivellur
Kerala,Kannur,Payyannur,KB Kunhimangalam
Kerala,Kannur,Payyannur,KB Payyannur
Kerala,Kannur,Payyannur,KB Peringome
Kerala,Kannur,Payyannur,KB Ramanthali
Kerala,Kannur,Peravoor,KB Kanichar
Kerala,Kannur,Peravoor,KB Kelakam
Kerala,Kannur,Peravoor,KB Kolayad
Kerala,Kannur,Peravoor,KB Kottiyur
Kerala,Kannur,Peravoor,KB Malur
Kerala,Kannur,Peravoor,KB Muzhakkunnu
Kerala,Kannur,Peravoor,KB Peravoor
Kerala,Kannur,Thalassery,KB Anjarakandy
Kerala,Kannur,Thalassery,KB Dharmadam
Kerala,Kannur,Thalassery,KB Eranholi
Kerala,Kannur,Thalassery,KB Kodiyeri
Kerala,Kannur,Thalassery,KB Muzhappilangad
Kerala,Kannur,Thalassery,KB New Mahe
Kerala,Kannur,Thalassery,KB Pinarayi
Kerala,Kannur,Thalassery,KB Thalasseri
Kerala,Kannur,Thalassery,KB Vengad
Kerala,Kannur,Thaliparamba,KB Alakode
Kerala,Kannur,Thaliparamba,KB Andhur
Kerala,Kannur,Thaliparamba,KB Chapparapadavu
Kerala,Kannur,Thaliparamba,KB Chengalayi
Kerala,Kannur,Thaliparamba,KB Kadannappalli
Kerala,Kannur,Thaliparamba,KB Kurumathur
Kerala,Kannur,Thaliparamba,KB Naduvil
Kerala,Kannur,Thaliparamba,KB Pariyaram
Kerala,Kannur,Thaliparamba,KB Pattuvam
Kerala,Kannur,Thaliparamba,KB Taliparamba
Kerala,Kannur,Thaliparamba,KB Udayagiri
Kerala,Kasargod,Kanhangad,KB Ajanur
Kerala,Kasargod,Kanhangad,KB Kanhangad Municipality
Kerala,Kasargod,Kanhangad,KB Madikai
Kerala,Kasargod,Kanhangad,KB Pallikkara
Kerala,Kasargod,Kanhangad,KB Pullur Periya
Kerala,Kasargod,Kanhangad,KB Uduma
Kerala,Kasargod,Karadka,KB Bedadka
Kerala,Kasargod,Karadka,KB Bellur
Kerala,Kasargod,Karadka,KB Delampady
Kerala,Kasargod,Karadka,KB Karadka
Kerala,Kasargod,Karadka,KB Kumbadaje
Kerala,Kasargod,Karadka,KB Kuttikkol
Kerala,Kasargod,Karadka,KB Muliyar
Kerala,Kasargod,Kasargod,KB Bediadka
Kerala,Kasargod,Kasargod,KB Chemnad
Kerala,Kasargod,Kasargod,KB Chengala
Kerala,Kasargod,Kasargod,KB Kasaragod Municipality
Kerala,Kasargod,Kasargod,KB Kumbla
Kerala,Kasargod,Kasargod,KB Madhur
Kerala,Kasargod,Kasargod,KB Mogralputhur
Kerala,Kasargod,Manjeshwar,KB Enmakaje
Kerala,Kasargod,Manjeshwar,KB Mangalpady
Kerala,Kasargod,Manjeshwar,KB Manjeshwar
Kerala,Kasargod,Manjeshwar,KB Meenja
Kerala,Kasargod,Manjeshwar,KB Paivalike
Kerala,Kasargod,Manjeshwar,KB Puthige
Kerala,Kasargod,Manjeshwar,KB Vorkady
Kerala,Kasargod,Nileshwar,KB Cheruvathur
Kerala,Kasargod,Nileshwar,KB Kayyoor Cheemeni
Kerala,Kasargod,Nileshwar,KB Nileshwar
Kerala,Kasargod,Nileshwar,KB Padane
Kerala,Kasargod,Nileshwar,KB Pilicode
Kerala,Kasargod,Nileshwar,KB Trikaripur
Kerala,Kasargod,Nileshwar,KB Valiyaparamba
Kerala,Kasargod,Parappa,KB Balal
Kerala,Kasargod,Parappa,KB East Eleri
Kerala,Kasargod,Parappa,KB Kallar
Kerala,Kasargod,Parappa,KB Kinanur Karindalam
Kerala,Kasargod,Parappa,KB Kodom Belur
Kerala,Kasargod,Parappa,KB Panathady
Kerala,Kasargod,Parappa,KB West Eleri
